Fecha Local,Fecha UTC,Latitud,Longitud,Profundidad [Km],Magnitud,Referencia Geográfica
2022-02-08 02:22:13,2022-02-08 05:22:13,-25.723,-70.962,45.9,4.6 Mw, 59 km al SO de Taltal
2022-02-07 11:54:45,2022-02-07 14:54:45,-25.181,-70.796,32.6,2.9 Ml, 40 km al NO de Taltal
2022-02-07 08:04:48,2022-02-07 11:04:48,-23.955,-67.267,247.1,2.8 Ml, 75 km al SE de Socaire
2022-02-07 07:55:14,2022-02-07 10:55:14,-22.418,-69.086,99.9,2.5 Ml, 17 km al O de Calama
2022-02-07 04:54:01,2022-02-07 07:54:01,-21.872,-68.655,125.1,2.5 Ml, 72 km al NE de Calama
2022-02-06 23:54:39,2022-02-07 02:54:39,-22.198,-68.683,106.2,2.5 Ml, 40 km al NE de Calama
2022-02-06 22:20:04,2022-02-07 01:20:04,-22.159,-68.696,108.4,2.6 Ml, 42 km al NE de Calama
2022-02-08 02:22:13,2022-02-08 05:22:13,-25.726,-70.969,46.1,4.7 Ml, 60 km al SO de Taltal
2022-02-08 02:22:12,2022-02-08 05:22:12,-25.772,-71.362,37.0,4.7 Ml, 98 km al NO de Chañaral.
2022-02-06 20:46:31,2022-02-06 23:46:31,-22.166,-68.703,114.4,5.3 Mw, 41 km al NE de Calama
2022-02-06 06:13:26,2022-02-06 09:13:26,-21.93,-68.581,134.7,2.7 Ml, 70 km al NE de Calama
2022-02-06 06:03:25,2022-02-06 09:03:25,-24.09,-67.485,225.1,3.2 Ml, 69 km al SE de Socaire
2022-02-06 02:36:07,2022-02-06 05:36:07,-23.966,-67.231,223.4,2.8 Ml, 79 km al SE de Socaire
2022-02-06 02:08:12,2022-02-06 05:08:12,-23.053,-69.069,98.0,3.3 Ml, 31 km al SE de Sierra Gorda.
2022-02-05 23:30:51,2022-02-06 02:30:51,-23.144,-67.12,240.9,2.5 Ml, 93 km al NE de Socaire
2022-02-05 21:38:45,2022-02-06 00:38:45,-23.156,-68.512,113.3,3.0 Ml, 41 km al SO de San Pedro de Atacama
2022-02-05 18:53:03,2022-02-05 21:53:03,-23.887,-67.14,232.0,3.3 Ml, 83 km al E de Socaire
2022-02-05 18:50:54,2022-02-05 21:50:54,-22.136,-69.756,64.2,2.5 Ml, 25 km al NO de María Elena
2022-02-05 16:57:35,2022-02-05 19:57:35,-22.769,-68.513,10.4,3.6 Ml, 36 km al NO de San Pedro de Atacama
2022-02-05 13:28:24,2022-02-05 16:28:24,-23.93,-67.294,250.6,3.6 Ml, 71 km al SE de Socaire
2022-02-05 06:24:52,2022-02-05 09:24:52,-23.989,-67.321,237.6,3.0 Ml, 73 km al SE de Socaire
2022-02-05 16:57:32,2022-02-05 19:57:32,-23.087,-68.185,123.0,3.7 Ml, 19 km al S de San Pedro de Atacama
2022-02-05 05:07:00,2022-02-05 08:07:00,-23.333,-68.111,128.2,2.5 Ml, 36 km al NO de Socaire
2022-02-05 04:13:15,2022-02-05 07:13:15,-24.238,-67.509,213.0,2.9 Ml, 82 km al SE de Socaire
2022-02-04 20:06:50,2022-02-04 23:06:50,-22.242,-68.698,110.0,3.0 Ml, 35 km al NE de Calama
2022-02-04 17:07:44,2022-02-04 20:07:44,-22.429,-68.652,116.2,3.2 Ml, 29 km al E de Calama
2022-02-04 11:16:35,2022-02-04 14:16:35,-23.813,-67.307,258.7,3.4 Ml, 64 km al E de Socaire
2022-02-04 09:13:37,2022-02-04 12:13:37,-24.013,-67.398,218.7,3.7 Ml, 69 km al SE de Socaire
2022-02-04 05:09:39,2022-02-04 08:09:39,-22.753,-70.76,33.0,2.5 Ml, 50 km al NO de Mejillones
2022-02-04 02:38:52,2022-02-04 05:38:52,-23.811,-67.235,220.0,2.6 Ml, 71 km al E de Socaire
2022-02-03 13:33:03,2022-02-03 16:33:03,-22.434,-68.731,115.4,4.0 Ml, 21 km al E de Calama
2022-02-03 09:55:40,2022-02-03 12:55:40,-22.869,-69.131,104.9,2.8 Ml, 19 km al E de Sierra Gorda.
2022-02-02 22:26:37,2022-02-03 01:26:37,-21.92,-68.764,122.4,3.3 Ml, 64 km al N de Calama
2022-02-02 04:11:31,2022-02-02 07:11:31,-23.141,-68.862,98.0,3.0 Ml, 54 km al SE de Sierra Gorda.
2022-02-01 23:15:13,2022-02-02 02:15:13,-23.43,-68.271,134.1,3.9 Ml, 43 km al NO de Socaire
2022-01-31 17:28:11,2022-01-31 20:28:11,-22.557,-68.942,101.6,2.5 Ml, 10 km al S de Calama
2022-01-31 15:45:04,2022-01-31 18:45:04,-23.98,-67.147,234.6,3.0 Ml, 87 km al SE de Socaire
2022-01-31 13:42:40,2022-01-31 16:42:40,-23.972,-67.142,196.6,3.0 Ml, 87 km al SE de Socaire
2022-01-31 13:06:43,2022-01-31 16:06:43,-21.822,-68.611,121.4,3.0 Ml, 76 km al SO de Ollagüe
2022-01-31 09:39:19,2022-01-31 12:39:19,-24.046,-67.588,197.1,2.8 Ml, 59 km al SE de Socaire
2022-01-31 09:26:29,2022-01-31 12:26:29,-24.194,-67.485,195.8,2.7 Ml, 79 km al SE de Socaire
2022-01-31 06:38:30,2022-01-31 09:38:30,-25.349,-69.94,99.6,3.6 Ml, 55 km al E de Taltal
2022-01-30 22:38:23,2022-01-31 01:38:23,-22.282,-70.369,58.8,2.9 Ml, 27 km al SO de Tocopilla
2022-01-30 20:23:35,2022-01-30 23:23:35,-22.277,-68.702,126.6,2.9 Ml, 32 km al NE de Calama
2022-01-30 16:34:40,2022-01-30 19:34:40,-22.512,-70.337,14.8,2.5 Ml, 49 km al S de Tocopilla
2022-01-30 16:14:40,2022-01-30 19:14:40,-22.364,-68.737,110.6,2.5 Ml, 23 km al NE de Calama
2022-01-31 06:38:33,2022-01-31 09:38:33,-25.403,-69.924,57.0,3.7 Ml, 56 km al E de Taltal
2022-01-30 09:48:39,2022-01-30 12:48:39,-22.895,-66.698,272.6,3.0 Ml, 144 km al NE de Socaire
2022-01-30 07:42:16,2022-01-30 10:42:16,-25.978,-69.937,78.5,4.2 Ml, 43 km al NO de El Salvador
2022-01-30 02:41:23,2022-01-30 05:41:23,-22.671,-70.395,32.2,2.8 Ml, 48 km al N de Mejillones
2022-01-30 01:48:14,2022-01-30 04:48:14,-22.817,-70.145,52.6,2.6 Ml, 44 km al NE de Mejillones
2022-01-29 20:05:58,2022-01-29 23:05:58,-24.232,-67.658,223.6,3.3 Ml, 75 km al S de Socaire
2022-01-29 17:46:05,2022-01-29 20:46:05,-21.844,-67.388,196.7,4.6 Ml, 113 km al SE de Ollagüe
2022-01-30 07:42:16,2022-01-30 10:42:16,-25.955,-70.085,87.9,4.2 Ml, 49 km al N de Diego de Almagro
2022-01-29 13:49:20,2022-01-29 16:49:20,-23.977,-67.372,215.7,2.6 Ml, 68 km al SE de Socaire
2022-01-29 08:42:13,2022-01-29 11:42:13,-23.978,-67.572,230.0,2.7 Ml, 54 km al SE de Socaire
2022-01-29 05:46:31,2022-01-29 08:46:31,-23.194,-69.908,46.0,3.0 Ml, 17 km al NO de Baquedano
2022-01-29 17:46:05,2022-01-29 20:46:05,-21.953,-67.5,192.0,4.3 Ml, 112 km al SE de Ollagüe
2022-01-29 04:53:21,2022-01-29 07:53:21,-24.195,-67.338,209.4,3.5 Ml, 88 km al SE de Socaire
2022-01-29 04:00:54,2022-01-29 07:00:54,-25.485,-71.133,28.2,3.1 Ml, 66 km al O de Taltal
2022-01-28 23:28:11,2022-01-29 02:28:11,-24.234,-67.617,197.5,3.3 Ml, 77 km al SE de Socaire
2022-01-28 23:15:13,2022-01-29 02:15:13,-23.946,-67.516,221.9,3.2 Ml, 55 km al SE de Socaire
2022-01-28 22:11:08,2022-01-29 01:11:08,-21.809,-68.444,127.4,3.7 Ml, 68 km al S de Ollagüe
2022-01-28 16:35:27,2022-01-28 19:35:27,-23.844,-67.335,240.0,2.9 Ml, 63 km al SE de Socaire
2022-01-28 13:09:54,2022-01-28 16:09:54,-24.056,-67.455,225.0,2.8 Ml, 68 km al SE de Socaire
2022-01-28 12:34:03,2022-01-28 15:34:03,-22.212,-67.795,204.1,2.8 Ml, 89 km al NE de San Pedro de Atacama
2022-01-28 12:08:48,2022-01-28 15:08:48,-25.933,-70.912,36.8,3.1 Ml, 54 km al NO de Chañaral.
2022-01-28 10:32:09,2022-01-28 13:32:09,-21.806,-68.553,125.8,3.0 Ml, 72 km al SO de Ollagüe
2022-01-28 09:52:34,2022-01-28 12:52:34,-22.904,-66.977,285.1,3.2 Ml, 120 km al NE de Socaire
2022-01-28 08:33:28,2022-01-28 11:33:28,-24.138,-68.064,115.4,2.7 Ml, 63 km al S de Socaire
2022-01-28 07:50:16,2022-01-28 10:50:16,-22.341,-68.124,179.2,3.2 Ml, 65 km al N de San Pedro de Atacama
2022-01-28 07:36:01,2022-01-28 10:36:01,-24.097,-69.543,74.4,3.0 Ml, 53 km al O de Mina La Escondida.
2022-01-27 23:11:33,2022-01-28 02:11:33,-22.206,-68.876,115.2,3.0 Ml, 30 km al N de Calama
2022-01-27 20:37:53,2022-01-27 23:37:53,-22.364,-70.607,19.3,3.2 Ml, 51 km al SO de Tocopilla
2022-01-27 18:08:07,2022-01-27 21:08:07,-22.076,-68.946,115.7,3.0 Ml, 44 km al N de Calama
2022-01-27 16:54:55,2022-01-27 19:54:55,-22.124,-68.677,117.2,2.5 Ml, 46 km al NE de Calama
2022-01-27 09:00:28,2022-01-27 12:00:28,-24.945,-69.916,59.3,3.1 Ml, 77 km al NE de Taltal
2022-01-26 23:13:25,2022-01-27 02:13:25,-22.827,-69.063,82.3,2.9 Ml, 27 km al E de Sierra Gorda.
2022-01-26 16:42:54,2022-01-26 19:42:54,-22.798,-68.511,7.9,4.3 Ml, 35 km al O de San Pedro de Atacama
2022-01-26 15:02:15,2022-01-26 18:02:15,-22.603,-69.34,77.3,2.5 Ml, 33 km al N de Sierra Gorda.
2022-01-26 14:15:00,2022-01-26 17:15:00,-23.902,-67.185,244.1,3.5 Ml, 80 km al SE de Socaire
2022-01-26 11:38:33,2022-01-26 14:38:33,-24.079,-69.537,87.0,4.3 Ml, 53 km al O de Mina La Escondida.
2022-01-26 11:19:07,2022-01-26 14:19:07,-24.081,-69.478,85.1,4.3 Ml, 48 km al NO de Mina La Escondida.
2022-01-26 10:22:53,2022-01-26 13:22:53,-24.117,-67.542,223.5,2.9 Ml, 68 km al SE de Socaire
2022-01-26 08:08:51,2022-01-26 11:08:51,-23.62,-68.73,109.2,2.5 Ml, 79 km al NE de Mina La Escondida.
2022-01-26 02:16:22,2022-01-26 05:16:22,-24.085,-67.39,229.8,2.8 Ml, 75 km al SE de Socaire
2022-01-26 16:42:56,2022-01-26 19:42:56,-22.786,-68.812,12.5,4.5 Ml, 37 km al S de Calama
2022-01-25 20:51:34,2022-01-25 23:51:34,-23.947,-67.357,271.0,3.8 Ml, 67 km al SE de Socaire
2022-01-26 11:38:33,2022-01-26 14:38:33,-24.01,-69.428,84.2,4.1 M, 47 km al NO de Mina La Escondida.
2022-01-25 14:48:35,2022-01-25 17:48:35,-22.625,-69.873,45.8,2.7 Ml, 38 km al SO de María Elena
2022-01-26 11:19:07,2022-01-26 14:19:07,-24.008,-69.547,82.6,4.4 Ml, 58 km al NO de Mina La Escondida.
2022-01-25 11:37:06,2022-01-25 14:37:06,-25.419,-70.853,47.9,3.3 Ml, 37 km al O de Taltal
2022-01-25 01:30:16,2022-01-25 04:30:16,-23.085,-68.82,112.6,2.7 Ml, 55 km al E de Sierra Gorda.
2022-01-24 17:19:47,2022-01-24 20:19:47,-21.71,-69.763,84.8,2.5 Ml, 24 km al O de Quillagua
2022-01-24 10:15:32,2022-01-24 13:15:32,-22.888,-68.993,109.6,2.9 Ml, 33 km al E de Sierra Gorda.
2022-01-24 09:44:08,2022-01-24 12:44:08,-22.087,-68.779,129.0,3.1 Ml, 45 km al N de Calama
2022-01-24 05:32:11,2022-01-24 08:32:11,-22.996,-70.569,33.8,2.5 Ml, 17 km al NO de Mejillones
2022-01-24 03:07:24,2022-01-24 06:07:24,-22.017,-68.642,130.6,3.2 Ml, 58 km al NE de Calama
2022-01-23 19:30:39,2022-01-23 22:30:39,-24.28,-67.565,218.0,4.2 Ml, 84 km al SE de Socaire
2022-01-23 13:30:22,2022-01-23 16:30:22,-23.335,-69.573,73.5,3.3 Ml, 27 km al E de Baquedano
2022-01-23 06:36:23,2022-01-23 09:36:23,-24.488,-68.864,114.3,3.2 Ml, 31 km al SE de Mina La Escondida.
2022-01-23 05:49:15,2022-01-23 08:49:15,-23.635,-68.75,113.6,3.4 Ml, 77 km al NE de Mina La Escondida.
2022-01-22 23:54:19,2022-01-23 02:54:19,-24.324,-67.637,222.5,3.5 Ml, 86 km al S de Socaire
2022-01-22 17:03:47,2022-01-22 20:03:47,-22.802,-68.524,10.0,4.0 Ml, 36 km al O de San Pedro de Atacama
2022-01-22 17:00:13,2022-01-22 20:00:13,-22.769,-68.509,16.0,4.6 Mw, 36 km al NO de San Pedro de Atacama
2022-01-22 16:51:32,2022-01-22 19:51:32,-22.79,-68.501,13.2,3.5 Ml, 34 km al NO de San Pedro de Atacama
2022-01-23 19:30:38,2022-01-23 22:30:38,-24.359,-67.389,190.0,4.0 Ml, 100 km al SE de Socaire
2022-01-22 23:54:19,2022-01-23 02:54:19,-24.306,-67.637,220.6,3.4 Ml, 84 km al S de Socaire
2022-01-22 17:03:58,2022-01-22 20:03:58,-22.629,-69.279,19.1,4.2 Ml, 30 km al N de Sierra Gorda.
2022-01-22 17:00:17,2022-01-22 20:00:17,-22.848,-68.655,101.0,4.7 Ml, 47 km al O de San Pedro de Atacama
2022-01-21 22:46:00,2022-01-22 01:46:00,-23.485,-68.218,135.2,3.5 Ml, 35 km al O de Socaire
2022-01-21 15:42:02,2022-01-21 18:42:02,-22.07,-67.869,235.0,3.1 Ml, 100 km al N de San Pedro de Atacama
2022-01-21 14:12:57,2022-01-21 17:12:57,-22.757,-68.83,94.7,2.7 Ml, 34 km al S de Calama
2022-01-21 11:55:49,2022-01-21 14:55:49,-22.571,-67.375,261.0,3.1 Ml, 93 km al NE de San Pedro de Atacama
2022-01-21 07:06:53,2022-01-21 10:06:53,-24.192,-67.371,239.5,3.3 Ml, 85 km al SE de Socaire
2022-01-20 23:52:41,2022-01-21 02:52:41,-22.454,-67.928,195.7,3.0 Ml, 59 km al NE de San Pedro de Atacama
2022-01-20 10:38:36,2022-01-20 13:38:36,-23.686,-67.141,247.5,3.5 Ml, 77 km al E de Socaire
2022-01-20 09:59:37,2022-01-20 12:59:37,-21.707,-68.526,124.6,2.8 Ml, 61 km al SO de Ollagüe
2022-01-20 06:59:20,2022-01-20 09:59:20,-23.954,-67.199,236.6,2.5 Ml, 81 km al SE de Socaire
2022-01-20 04:46:52,2022-01-20 07:46:52,-23.301,-69.177,89.3,2.8 Ml, 47 km al S de Sierra Gorda.
2022-01-20 03:48:58,2022-01-20 06:48:58,-23.965,-67.51,229.4,2.6 Ml, 57 km al SE de Socaire
2022-01-20 03:14:55,2022-01-20 06:14:55,-23.949,-67.283,233.9,2.9 Ml, 74 km al SE de Socaire
2022-01-20 01:48:38,2022-01-20 04:48:38,-21.889,-68.562,117.9,3.1 Ml, 75 km al NE de Calama
2022-01-20 00:50:34,2022-01-20 03:50:34,-22.627,-68.871,105.0,2.7 Ml, 18 km al S de Calama
2022-01-19 23:27:19,2022-01-20 02:27:19,-23.904,-67.385,248.0,3.1 Ml, 62 km al SE de Socaire
2022-01-19 22:28:20,2022-01-20 01:28:20,-22.48,-67.998,185.6,3.9 Ml, 53 km al NE de San Pedro de Atacama
2022-01-19 10:15:53,2022-01-19 13:15:53,-23.464,-70.803,30.2,3.9 Ml, 45 km al NO de Antofagasta
2022-01-19 09:47:21,2022-01-19 12:47:21,-24.311,-67.769,239.0,3.4 Ml, 81 km al S de Socaire
2022-01-19 07:13:30,2022-01-19 10:13:30,-24.036,-67.159,239.4,2.8 Ml, 89 km al SE de Socaire
2022-01-19 01:09:50,2022-01-19 04:09:50,-21.782,-70.182,65.8,3.2 Ml, 35 km al N de Tocopilla
2022-01-19 00:17:41,2022-01-19 03:17:41,-23.268,-68.669,109.0,2.6 Ml, 62 km al SO de San Pedro de Atacama
2022-01-19 00:13:08,2022-01-19 03:13:08,-23.832,-67.155,246.0,2.5 Ml, 80 km al E de Socaire
2022-01-18 23:41:50,2022-01-19 02:41:50,-24.493,-69.087,98.9,2.7 Ml, 25 km al S de Mina La Escondida.
2022-01-18 23:31:09,2022-01-19 02:31:09,-24.11,-67.587,240.7,3.0 Ml, 66 km al SE de Socaire
2022-01-18 23:19:36,2022-01-19 02:19:36,-22.492,-70.624,38.6,2.8 Ml, 62 km al SO de Tocopilla
2022-01-18 22:50:29,2022-01-19 01:50:29,-23.718,-67.149,244.4,3.9 Ml, 77 km al E de Socaire
2022-01-18 21:28:15,2022-01-19 00:28:15,-23.394,-68.443,129.5,2.9 Ml, 58 km al SO de San Pedro de Atacama
2022-01-18 19:53:17,2022-01-18 22:53:17,-23.974,-67.227,215.4,3.5 Ml, 80 km al SE de Socaire
2022-01-18 12:41:32,2022-01-18 15:41:32,-23.976,-67.473,212.9,3.2 Ml, 60 km al SE de Socaire
2022-01-18 10:51:53,2022-01-18 13:51:53,-21.884,-68.762,101.6,2.5 Ml, 67 km al N de Calama
2022-01-18 09:00:26,2022-01-18 12:00:26,-26.648,-70.942,15.0,2.7 Ml, 48 km al N de Caldera
2022-01-18 07:18:30,2022-01-18 10:18:30,-22.803,-69.046,110.5,4.1 Ml, 30 km al E de Sierra Gorda.
2022-01-18 02:44:43,2022-01-18 05:44:43,-23.286,-68.582,106.6,3.2 Ml, 56 km al SO de San Pedro de Atacama
2022-01-17 12:30:16,2022-01-17 15:30:16,-22.194,-68.873,121.9,2.7 Ml, 31 km al N de Calama
2022-01-17 09:45:27,2022-01-17 12:45:27,-22.257,-67.795,189.6,3.3 Ml, 85 km al NE de San Pedro de Atacama
2022-01-16 12:09:05,2022-01-16 15:09:05,-22.119,-68.696,114.0,2.7 Ml, 46 km al NE de Calama
2022-01-16 11:50:04,2022-01-16 14:50:04,-22.243,-68.75,98.2,2.6 Ml, 31 km al NE de Calama
2022-01-16 10:36:34,2022-01-16 13:36:34,-23.441,-67.156,249.6,3.4 Ml, 77 km al E de Socaire
2022-01-16 08:55:30,2022-01-16 11:55:30,-24.424,-69.291,86.1,2.6 Ml, 29 km al SO de Mina La Escondida.
2022-01-16 04:22:12,2022-01-16 07:22:12,-22.178,-68.726,120.6,3.1 Ml, 39 km al NE de Calama
2022-01-15 18:20:10,2022-01-15 21:20:10,-24.37,-68.355,266.7,3.3 Ml, 72 km al E de Mina La Escondida.
2022-01-14 23:04:29,2022-01-15 02:04:29,-26.918,-71.192,29.3,3.2 Ml, 40 km al O de Caldera
2022-01-14 19:07:49,2022-01-14 22:07:49,-26.928,-71.201,36.1,3.3 Ml, 41 km al O de Caldera
2022-01-14 14:20:18,2022-01-14 17:20:18,-23.479,-70.855,27.1,3.5 Ml, 49 km al O de Antofagasta
2022-01-14 11:13:56,2022-01-14 14:13:56,-23.707,-68.157,129.5,3.0 Ml, 30 km al SO de Socaire
2022-01-14 09:44:42,2022-01-14 12:44:42,-24.155,-67.61,217.6,3.6 Ml, 69 km al SE de Socaire
2022-01-14 08:38:02,2022-01-14 11:38:02,-26.703,-71.195,36.6,3.0 Ml, 55 km al NO de Caldera
2022-01-14 08:24:28,2022-01-14 11:24:28,-23.405,-70.753,24.4,4.7 Mw, 44 km al NO de Antofagasta
2022-01-14 06:55:18,2022-01-14 09:55:18,-21.876,-68.7,110.3,2.9 Ml, 70 km al N de Calama
2022-01-14 04:00:16,2022-01-14 07:00:16,-26.825,-71.288,15.0,2.6 Ml, 53 km al NO de Caldera
2022-01-13 22:18:52,2022-01-14 01:18:52,-25.048,-68.688,124.6,3.8 Ml, 94 km al SE de Mina La Escondida.
2022-01-13 21:34:34,2022-01-14 00:34:34,-26.741,-71.301,25.1,2.8 Ml, 60 km al NO de Caldera
2022-01-13 20:28:42,2022-01-13 23:28:42,-23.282,-68.924,97.3,2.5 Ml, 58 km al SE de Sierra Gorda.
2022-01-14 08:24:23,2022-01-14 11:24:23,-23.516,-71.0,15.1,5.0 Ml, 62 km al O de Antofagasta
2022-01-13 15:52:41,2022-01-13 18:52:41,-24.447,-69.904,64.7,3.1 Ml, 88 km al O de Mina La Escondida.
2022-01-13 15:40:31,2022-01-13 18:40:31,-26.915,-71.186,30.8,3.0 Ml, 40 km al NO de Caldera
2022-01-13 15:27:46,2022-01-13 18:27:46,-23.155,-69.214,97.3,3.0 Ml, 30 km al S de Sierra Gorda.
2022-01-13 15:19:37,2022-01-13 18:19:37,-26.915,-71.221,27.7,5.0 Mw, 43 km al O de Caldera
2022-01-13 15:05:56,2022-01-13 18:05:56,-26.904,-71.252,23.9,2.9 Ml, 46 km al O de Caldera
2022-01-13 14:07:17,2022-01-13 17:07:17,-22.249,-68.629,126.0,2.9 Ml, 40 km al NE de Calama
2022-01-13 13:33:52,2022-01-13 16:33:52,-23.888,-68.834,110.0,2.9 Ml, 48 km al NE de Mina La Escondida.
2022-01-13 10:52:02,2022-01-13 13:52:02,-24.303,-67.443,208.3,4.3 Ml, 91 km al SE de Socaire
2022-01-13 10:19:44,2022-01-13 13:19:44,-22.528,-66.476,291.2,3.6 Ml, 182 km al E de San Pedro de Atacama
2022-01-13 09:10:44,2022-01-13 12:10:44,-22.252,-68.859,115.1,3.5 Ml, 25 km al N de Calama
2022-01-13 07:27:37,2022-01-13 10:27:37,-26.912,-71.262,27.9,2.5 Ml, 47 km al O de Caldera
2022-01-13 03:49:13,2022-01-13 06:49:13,-26.735,-70.979,25.1,3.0 Ml, 40 km al NO de Caldera
2022-01-13 03:45:09,2022-01-13 06:45:09,-23.514,-68.738,100.9,3.2 Ml, 86 km al SO de San Pedro de Atacama
2022-01-13 02:48:44,2022-01-13 05:48:44,-22.48,-68.84,113.2,3.6 Ml, 9 km al E de Calama
2022-01-13 01:13:46,2022-01-13 04:13:46,-22.989,-69.286,82.0,4.2 Ml, 10 km al S de Sierra Gorda.
2022-01-12 23:22:06,2022-01-13 02:22:06,-24.23,-67.484,211.9,3.1 Ml, 82 km al SE de Socaire
2022-01-12 18:33:16,2022-01-12 21:33:16,-22.27,-68.919,107.6,2.8 Ml, 22 km al N de Calama
2022-01-12 12:14:14,2022-01-12 15:14:14,-23.074,-67.121,254.3,3.3 Ml, 97 km al NE de Socaire
2022-01-12 09:27:56,2022-01-12 12:27:56,-26.772,-71.351,34.0,3.1 Ml, 62 km al NO de Caldera
2022-01-12 09:01:33,2022-01-12 12:01:33,-22.979,-68.121,138.4,3.1 Ml, 10 km al SE de San Pedro de Atacama
2022-01-12 07:48:54,2022-01-12 10:48:54,-24.088,-68.966,108.1,3.0 Ml, 22 km al NE de Mina La Escondida.
2022-01-12 07:39:31,2022-01-12 10:39:31,-23.018,-69.444,102.4,4.1 Ml, 18 km al SO de Sierra Gorda.
2022-01-12 04:06:33,2022-01-12 07:06:33,-23.996,-67.356,221.6,2.7 Ml, 71 km al SE de Socaire
2022-01-12 01:54:57,2022-01-12 04:54:57,-24.131,-67.382,235.0,3.4 Ml, 79 km al SE de Socaire
2022-01-12 07:39:31,2022-01-12 10:39:31,-23.118,-69.429,90.9,4.0 Ml, 27 km al SO de Sierra Gorda.
2022-01-11 23:11:59,2022-01-12 02:11:59,-22.758,-68.864,114.3,3.0 Ml, 33 km al S de Calama
2022-01-11 20:38:49,2022-01-11 23:38:49,-22.38,-67.869,190.9,2.9 Ml, 69 km al NE de San Pedro de Atacama
2022-01-11 19:54:01,2022-01-11 22:54:01,-22.288,-68.692,114.8,3.7 Ml, 32 km al NE de Calama
2022-01-11 19:46:47,2022-01-11 22:46:47,-24.085,-67.571,229.5,2.9 Ml, 64 km al SE de Socaire
2022-01-11 18:56:22,2022-01-11 21:56:22,-22.068,-68.725,105.1,2.7 Ml, 49 km al NE de Calama
2022-01-11 14:48:48,2022-01-11 17:48:48,-22.091,-68.558,123.9,2.9 Ml, 57 km al NE de Calama
2022-01-11 14:23:02,2022-01-11 17:23:02,-22.518,-67.873,187.4,2.8 Ml, 56 km al NE de San Pedro de Atacama
2022-01-11 12:18:28,2022-01-11 15:18:28,-24.078,-69.711,75.2,3.1 Ml, 70 km al O de Mina La Escondida.
2022-01-11 11:20:43,2022-01-11 14:20:43,-26.492,-71.209,29.0,2.7 Ml, 61 km al O de Chañaral.
2022-01-11 09:35:40,2022-01-11 12:35:40,-24.215,-67.532,224.1,4.5 Ml, 78 km al SE de Socaire
2022-01-11 03:00:08,2022-01-11 06:00:08,-23.936,-67.116,227.0,2.8 Ml, 88 km al SE de Socaire
2022-01-10 18:06:25,2022-01-10 21:06:25,-24.51,-67.26,217.1,2.9 Ml, 121 km al SE de Socaire
2022-01-10 15:48:24,2022-01-10 18:48:24,-21.797,-68.507,135.4,3.0 Ml, 69 km al SO de Ollagüe
2022-01-10 14:49:15,2022-01-10 17:49:15,-24.939,-69.313,123.7,3.1 Ml, 79 km al S de Mina La Escondida.
2022-01-10 14:20:19,2022-01-10 17:20:19,-26.197,-69.602,100.7,2.7 Ml, 5 km al NE de El Salvador
2022-01-10 08:15:45,2022-01-10 11:15:45,-22.256,-68.643,119.1,3.7 Ml, 38 km al NE de Calama
2022-01-10 07:02:21,2022-01-10 10:02:21,-26.737,-71.111,18.7,3.9 Ml, 47 km al NO de Caldera
2022-01-10 03:52:22,2022-01-10 06:52:22,-21.976,-68.635,130.8,3.9 Ml, 63 km al NE de Calama
2022-01-09 17:07:54,2022-01-09 20:07:54,-23.294,-68.137,118.7,3.0 Ml, 42 km al S de San Pedro de Atacama
2022-01-09 15:58:52,2022-01-09 18:58:52,-26.69,-71.247,25.5,2.9 Ml, 59 km al NO de Caldera
2022-01-09 10:29:32,2022-01-09 13:29:32,-26.66,-71.089,29.9,3.1 Ml, 52 km al NO de Caldera
2022-01-09 09:52:43,2022-01-09 12:52:43,-26.721,-71.146,31.1,4.4 Ml, 50 km al NO de Caldera
2022-01-09 08:36:42,2022-01-09 11:36:42,-21.945,-68.6,137.6,2.9 Ml, 68 km al NE de Calama
2022-01-09 04:53:10,2022-01-09 07:53:10,-23.91,-67.191,226.8,3.9 Ml, 80 km al SE de Socaire
2022-01-10 03:52:19,2022-01-10 06:52:19,-22.046,-68.621,162.1,3.9 Ml, 57 km al NE de Calama
2022-01-08 11:27:09,2022-01-08 14:27:09,-26.678,-71.017,22.5,2.8 Ml, 47 km al NO de Caldera
2022-01-08 11:06:00,2022-01-08 14:06:00,-26.718,-71.124,29.1,2.5 Ml, 49 km al NO de Caldera
2022-01-09 09:52:43,2022-01-09 12:52:43,-26.706,-71.405,33.0,4.5 Ml, 70 km al NO de Caldera
2022-01-08 10:17:00,2022-01-08 13:17:00,-26.911,-71.17,33.6,2.6 Ml, 39 km al NO de Caldera
2022-01-08 08:37:31,2022-01-08 11:37:31,-24.042,-68.873,87.7,2.5 Ml, 31 km al NE de Mina La Escondida.
2022-01-08 08:15:09,2022-01-08 11:15:09,-26.696,-70.999,22.3,2.9 Ml, 45 km al NO de Caldera
2022-01-08 06:38:13,2022-01-08 09:38:13,-26.756,-71.122,37.6,3.1 Ml, 46 km al NO de Caldera
2022-01-08 06:03:38,2022-01-08 09:03:38,-26.705,-71.008,20.0,3.8 Ml, 44 km al NO de Caldera
2022-01-08 06:00:03,2022-01-08 09:00:03,-23.858,-67.076,231.3,3.5 Ml, 88 km al E de Socaire
2022-01-08 05:08:09,2022-01-08 08:08:09,-26.726,-70.993,22.7,2.5 Ml, 42 km al NO de Caldera
2022-01-08 04:34:44,2022-01-08 07:34:44,-26.735,-71.172,33.7,3.6 Ml, 51 km al NO de Caldera
2022-01-08 02:53:09,2022-01-08 05:53:09,-26.712,-71.227,32.5,3.5 Ml, 56 km al NO de Caldera
2022-01-08 11:05:59,2022-01-08 14:05:59,-26.708,-71.263,38.6,2.5 Ml, 59 km al NO de Caldera
2022-01-08 02:50:18,2022-01-08 05:50:18,-26.707,-71.235,27.0,2.8 Ml, 57 km al NO de Caldera
2022-01-08 01:35:56,2022-01-08 04:35:56,-26.65,-71.308,40.9,3.9 Ml, 67 km al NO de Caldera
2022-01-08 01:29:27,2022-01-08 04:29:27,-26.689,-71.251,26.6,2.9 Ml, 60 km al NO de Caldera
2022-01-08 01:01:12,2022-01-08 04:01:12,-26.718,-71.133,15.0,3.6 Ml, 50 km al NO de Caldera
2022-01-08 00:59:59,2022-01-08 03:59:59,-26.711,-71.188,26.2,3.4 Ml, 54 km al NO de Caldera
2022-01-08 00:50:11,2022-01-08 03:50:11,-26.609,-71.345,33.0,2.7 Ml, 73 km al NO de Caldera
2022-01-08 00:45:12,2022-01-08 03:45:12,-26.697,-71.095,27.5,3.5 Ml, 49 km al NO de Caldera
2022-01-08 00:24:09,2022-01-08 03:24:09,-26.707,-71.252,15.1,5.6 Mw, 58 km al NO de Caldera
2022-01-08 00:22:21,2022-01-08 03:22:21,-26.721,-71.182,30.0,4.4 Ml, 52 km al NO de Caldera
2022-01-08 06:03:37,2022-01-08 09:03:37,-26.618,-71.396,33.0,4.2 Ml, 76 km al NO de Caldera
2022-01-08 04:34:44,2022-01-08 07:34:44,-26.695,-71.33,33.0,3.8 Ml, 65 km al NO de Caldera
2022-01-07 09:08:13,2022-01-07 12:08:13,-22.256,-68.769,116.7,3.5 Ml, 29 km al NE de Calama
2022-01-08 01:35:55,2022-01-08 04:35:55,-26.724,-71.561,31.0,3.8 Ml, 83 km al NO de Caldera
2022-01-07 03:21:33,2022-01-07 06:21:33,-23.691,-68.635,109.2,3.6 Ml, 77 km al NE de Mina La Escondida.
2022-01-08 00:45:11,2022-01-08 03:45:11,-26.7,-71.282,33.0,3.7 Ml, 61 km al NO de Caldera
2022-01-06 22:06:49,2022-01-07 01:06:49,-23.898,-66.782,206.0,3.8 Ml, 118 km al E de Socaire
2022-01-08 00:22:21,2022-01-08 03:22:21,-26.632,-71.181,33.0,5.0 Ml, 60 km al NO de Caldera
2022-01-06 21:20:19,2022-01-07 00:20:19,-26.723,-70.958,14.5,2.7 Ml, 41 km al N de Caldera
2022-01-06 14:43:40,2022-01-06 17:43:40,-22.461,-67.936,195.0,4.3 Ml, 58 km al NE de San Pedro de Atacama
2022-01-06 08:02:33,2022-01-06 11:02:33,-23.434,-66.89,205.9,2.7 Ml, 103 km al E de Socaire
2022-01-06 02:29:16,2022-01-06 05:29:16,-24.031,-67.38,245.0,2.8 Ml, 71 km al SE de Socaire
2022-01-06 00:56:57,2022-01-06 03:56:57,-22.474,-68.779,114.2,2.6 Ml, 16 km al E de Calama
2022-01-05 22:55:44,2022-01-06 01:55:44,-24.185,-67.089,202.3,3.9 Ml, 105 km al SE de Socaire
2022-01-05 22:50:59,2022-01-06 01:50:59,-23.406,-68.282,123.2,3.1 Ml, 45 km al NO de Socaire
2022-01-05 17:47:02,2022-01-05 20:47:02,-22.771,-68.861,99.6,2.9 Ml, 34 km al S de Calama
2022-01-05 13:39:11,2022-01-05 16:39:11,-23.559,-68.265,118.5,2.6 Ml, 38 km al O de Socaire
2022-01-05 10:50:31,2022-01-05 13:50:31,-24.085,-68.073,165.3,2.9 Ml, 58 km al S de Socaire
2022-01-05 07:38:09,2022-01-05 10:38:09,-24.105,-67.171,182.0,3.3 Ml, 93 km al SE de Socaire
2022-01-05 02:59:33,2022-01-05 05:59:33,-22.414,-68.671,123.6,2.9 Ml, 27 km al E de Calama
2022-01-04 15:02:38,2022-01-04 18:02:38,-23.762,-68.882,97.3,2.9 Ml, 59 km al N de Mina La Escondida.
2022-01-04 08:20:50,2022-01-04 11:20:50,-21.811,-70.373,31.0,2.9 Ml, 36 km al NO de Tocopilla
2022-01-04 07:04:33,2022-01-04 10:04:33,-23.121,-67.277,245.8,2.8 Ml, 81 km al NE de Socaire
2022-01-04 05:43:02,2022-01-04 08:43:02,-22.597,-69.0,86.4,2.5 Ml, 16 km al SO de Calama
2022-01-03 16:43:02,2022-01-03 19:43:02,-22.359,-69.811,55.3,2.5 Ml, 15 km al O de María Elena
2022-01-03 13:44:38,2022-01-03 16:44:38,-22.913,-66.845,284.5,4.2 Mw, 131 km al NE de Socaire
2022-01-03 06:54:42,2022-01-03 09:54:42,-22.317,-68.51,126.2,3.0 Ml, 46 km al E de Calama
2022-01-03 03:17:40,2022-01-03 06:17:40,-22.141,-68.585,123.6,2.5 Ml, 51 km al NE de Calama
2022-01-03 02:55:20,2022-01-03 05:55:20,-23.995,-67.419,220.2,3.2 Ml, 66 km al SE de Socaire
2022-01-03 00:49:00,2022-01-03 03:49:00,-25.453,-70.777,25.3,3.3 Ml, 30 km al O de Taltal
2022-01-02 22:12:17,2022-01-03 01:12:17,-21.803,-68.538,137.2,2.8 Ml, 71 km al SO de Ollagüe
2022-01-02 20:45:40,2022-01-02 23:45:40,-22.891,-68.299,149.4,3.1 Ml, 11 km al O de San Pedro de Atacama
2022-01-02 19:43:49,2022-01-02 22:43:49,-24.146,-66.922,200.3,3.7 Ml, 116 km al SE de Socaire
2022-01-02 13:55:16,2022-01-02 16:55:16,-25.839,-70.729,28.5,3.3 Ml, 54 km al SO de Taltal
2022-01-02 10:03:21,2022-01-02 13:03:21,-23.804,-67.252,230.4,3.0 Ml, 69 km al E de Socaire
2022-01-01 18:26:14,2022-01-01 21:26:14,-24.323,-67.312,175.4,3.3 Ml, 100 km al SE de Socaire
2022-01-01 13:44:10,2022-01-01 16:44:10,-24.193,-67.538,193.1,3.4 Ml, 76 km al SE de Socaire
2022-01-01 13:32:14,2022-01-01 16:32:14,-22.123,-68.714,104.3,3.0 Ml, 45 km al NE de Calama
2022-01-01 08:41:46,2022-01-01 11:41:46,-21.764,-68.452,139.2,2.7 Ml, 63 km al S de Ollagüe
2022-01-01 07:52:25,2022-01-01 10:52:25,-24.245,-67.713,217.4,3.8 Ml, 75 km al S de Socaire
2022-01-01 05:04:18,2022-01-01 08:04:18,-21.997,-69.169,89.2,3.7 Ml, 53 km al SE de Quillagua
2021-12-31 12:54:10,2021-12-31 15:54:10,-24.179,-69.579,85.1,3.9 Ml, 54 km al O de Mina La Escondida.
2021-12-30 20:02:54,2021-12-30 23:02:54,-24.07,-67.399,218.3,3.5 Ml, 73 km al SE de Socaire
2021-12-30 12:54:19,2021-12-30 15:54:19,-23.036,-71.033,31.6,2.8 Ml, 60 km al O de Mejillones
2021-12-30 11:30:47,2021-12-30 14:30:47,-22.998,-70.906,30.7,3.1 Ml, 48 km al O de Mejillones
2021-12-29 10:48:25,2021-12-29 13:48:25,-22.234,-68.697,109.8,2.7 Ml, 36 km al NE de Calama
2021-12-29 09:51:48,2021-12-29 12:51:48,-22.404,-68.78,118.0,2.6 Ml, 17 km al NE de Calama
2021-12-29 06:38:12,2021-12-29 09:38:12,-23.86,-68.103,138.3,4.2 Ml, 37 km al SO de Socaire
2021-12-29 05:22:12,2021-12-29 08:22:12,-22.104,-68.856,120.4,2.7 Ml, 41 km al N de Calama
2021-12-29 01:32:10,2021-12-29 04:32:10,-23.975,-67.417,238.1,3.0 Ml, 64 km al SE de Socaire
2021-12-29 01:28:40,2021-12-29 04:28:40,-23.928,-67.126,186.1,2.9 Ml, 86 km al SE de Socaire
2021-12-29 06:38:12,2021-12-29 09:38:12,-23.86,-68.10300000000001,138.3,4.2 Ml, 37 km al SO de Socaire
2021-12-29 05:22:12,2021-12-29 08:22:12,-22.104,-68.85600000000001,120.4,2.7 Ml, 41 km al N de Calama
2021-12-29 00:43:22,2021-12-29 03:43:22,-21.943,-68.891,121.2,2.6 Ml, 59 km al N de Calama
2021-12-29 00:23:49,2021-12-29 03:23:49,-24.05,-67.32600000000001,214.7,3.5 Ml, 77 km al SE de Socaire
2021-12-04 03:28:58,2021-12-04 06:28:58,-24.13,-67.20100000000001,187.2,3.2 Ml, 92 km al SE de Socaire
2021-12-03 23:59:45,2021-12-04 02:59:45,-24.271,-67.6,224.6,2.7 Ml, 81 km al SE de Socaire
2021-12-03 22:38:56,2021-12-04 01:38:56,-24.022,-67.569,252.2,3.1 Ml, 58 km al SE de Socaire
2021-12-03 20:16:17,2021-12-03 23:16:17,-22.055,-67.734,220.8,3.2 Ml, 107 km al SE de Ollagüe
2021-12-03 18:01:24,2021-12-03 21:01:24,-26.267,-69.51100000000001,13.5,2.8 Ml, 11 km al E de El Salvador
2021-12-02 13:30:21,2021-12-02 16:30:21,-24.167,-67.589,206.7,3.0 Ml, 71 km al SE de Socaire
2021-12-02 09:19:17,2021-12-02 12:19:17,-24.424,-68.107,244.4,2.7 Ml, 95 km al S de Socaire
2021-12-02 08:39:06,2021-12-02 11:39:06,-22.158,-67.575,209.4,3.0 Ml, 106 km al NE de San Pedro de Atacama
2021-12-02 07:29:10,2021-12-02 10:29:10,-22.022,-67.741,220.0,2.9 Ml, 103 km al SE de Ollagüe
2021-12-02 04:30:31,2021-12-02 07:30:31,-23.001,-69.316,86.6,3.0 Ml, 11 km al S de Sierra Gorda.
2021-12-02 03:09:05,2021-12-02 06:09:05,-24.104,-69.938,58.0,3.8 Ml, 70 km al SE de Antofagasta
2021-12-01 21:13:03,2021-12-02 00:13:03,-23.739,-66.811,216.7,3.6 Ml, 111 km al E de Socaire
2021-12-01 18:58:10,2021-12-01 21:58:10,-23.766,-68.024,190.3,3.0 Ml, 24 km al SO de Socaire
2021-12-01 17:45:17,2021-12-01 20:45:17,-22.781,-69.016,111.9,2.6 Ml, 36 km al S de Calama
2021-12-01 16:42:32,2021-12-01 19:42:32,-22.683000000000003,-67.916,195.5,3.1 Ml, 39 km al NE de San Pedro de Atacama
2021-12-01 09:06:38,2021-12-01 12:06:38,-21.839,-68.717,134.6,2.8 Ml, 74 km al N de Calama
2021-12-01 08:46:46,2021-12-01 11:46:46,-22.68,-68.637,116.3,3.5 Ml, 38 km al SE de Calama
2021-11-30 10:44:04,2021-11-30 13:44:04,-21.777,-68.624,105.1,3.1 Ml, 72 km al SO de Ollagüe
2021-11-30 08:38:07,2021-11-30 11:38:07,-24.705,-69.446,96.9,3.1 Ml, 62 km al SO de Mina La Escondida.
2021-11-30 08:14:43,2021-11-30 11:14:43,-24.718000000000004,-69.432,92.2,4.2 Ml, 63 km al SO de Mina La Escondida.
2021-11-30 05:46:24,2021-11-30 08:46:24,-24.493,-68.936,104.9,2.8 Ml, 28 km al SE de Mina La Escondida.
2021-11-29 22:13:19,2021-11-30 01:13:19,-22.478,-69.455,91.1,4.0 Ml, 26 km al SE de María Elena
2021-11-28 14:09:41,2021-11-28 17:09:41,-21.68,-68.648,119.5,3.4 Ml, 65 km al SO de Ollagüe
2021-11-23 02:59:29,2021-11-23 05:59:29,-21.939,-67.959,125.0,2.7 Ml, 85 km al S de Ollagüe
2021-11-23 02:47:45,2021-11-23 05:47:45,-22.681,-68.959,107.3,2.5 Ml, 24 km al S de Calama
2021-11-22 23:04:14,2021-11-23 02:04:14,-23.947,-68.09899999999999,161.6,3.8 Ml, 45 km al SO de Socaire
2021-11-22 22:37:05,2021-11-23 01:37:05,-21.827,-67.48100000000001,229.5,3.8 Ml, 104 km al SE de Ollagüe
2021-11-22 10:37:11,2021-11-22 13:37:11,-23.225,-69.113,95.0,3.6 Ml, 42 km al SE de Sierra Gorda.
2021-11-22 06:54:54,2021-11-22 09:54:54,-22.579,-68.673,115.0,3.4 Ml, 29 km al SE de Calama
2021-11-21 18:36:21,2021-11-21 21:36:21,-21.99,-68.773,127.2,3.6 Ml, 56 km al N de Calama
2021-11-21 10:02:42,2021-11-21 13:02:42,-22.265,-68.855,103.8,3.1 Ml, 24 km al N de Calama
2021-11-21 09:13:11,2021-11-21 12:13:11,-21.766,-68.667,120.5,2.8 Ml, 74 km al SO de Ollagüe
2021-11-21 08:50:59,2021-11-21 11:50:59,-23.94400000000001,-70.42399999999998,27.6,4.7 Ml, 33 km al S de Antofagasta
2021-11-21 08:09:08,2021-11-21 11:09:08,-23.049,-68.583,110.1,3.5 Ml, 42 km al O de San Pedro de Atacama
2021-11-21 05:12:46,2021-11-21 08:12:46,-23.214,-68.273,122.9,3.5 Ml, 34 km al S de San Pedro de Atacama
2021-11-20 22:40:08,2021-11-21 01:40:08,-24.235,-67.598,226.0,3.6 Ml, 78 km al SE de Socaire
2021-11-20 22:29:17,2021-11-21 01:29:17,-23.905,-67.243,205.9,3.2 Ml, 75 km al SE de Socaire
2021-11-20 10:34:03,2021-11-20 13:34:03,-22.8,-70.655,33.0,3.1 Ml, 39 km al NO de Mejillones
2021-11-20 10:31:48,2021-11-20 13:31:48,-22.787,-70.7,30.1,3.4 Ml, 43 km al NO de Mejillones
2021-11-20 02:22:06,2021-11-20 05:22:06,-22.607,-68.453,124.7,3.1 Ml, 43 km al NO de San Pedro de Atacama
2021-11-19 18:41:17,2021-11-19 21:41:17,-23.5,-69.238,94.4,3.0 Ml, 67 km al S de Sierra Gorda.
2021-11-19 13:20:38,2021-11-19 16:20:38,-21.776,-68.467,124.9,3.2 Ml, 65 km al S de Ollagüe
2021-11-19 11:02:08,2021-11-19 14:02:08,-23.873,-68.822,100.9,3.1 Ml, 50 km al NE de Mina La Escondida.
2021-11-19 10:38:44,2021-11-19 13:38:44,-24.0,-67.138,233.4,4.8 Ml, 89 km al SE de Socaire
2021-11-18 13:50:36,2021-11-18 16:50:36,-24.146,-67.53,234.1,3.2 Ml, 72 km al SE de Socaire
2021-11-18 07:30:05,2021-11-18 10:30:05,-23.094,-67.001,246.2,4.5 Mw, 106 km al NE de Socaire
2021-11-18 05:24:46,2021-11-18 08:24:46,-23.862,-68.833,103.9,3.1 Ml, 51 km al NE de Mina La Escondida.
2021-11-18 05:08:58,2021-11-18 08:08:58,-24.259,-67.49600000000001,203.7,2.8 Ml, 85 km al SE de Socaire
2021-11-17 20:32:20,2021-11-17 23:32:20,-24.037,-69.53699999999999,52.0,3.9 Ml, 55 km al NO de Mina La Escondida.
2021-11-17 14:22:22,2021-11-17 17:22:22,-23.48,-67.97,155.8,3.2 Ml, 15 km al NO de Socaire
2021-11-17 12:07:06,2021-11-17 15:07:06,-24.541,-69.55199999999999,86.7,3.1 Ml, 59 km al SO de Mina La Escondida.
2021-11-17 09:47:42,2021-11-17 12:47:42,-21.844,-68.523,123.1,2.6 Ml, 74 km al SO de Ollagüe
2021-11-17 04:16:25,2021-11-17 07:16:25,-24.007,-67.223,228.2,2.5 Ml, 82 km al SE de Socaire
2021-11-16 23:22:54,2021-11-17 02:22:54,-22.035,-68.8,111.5,2.5 Ml, 50 km al N de Calama
2021-11-16 20:33:12,2021-11-16 23:33:12,-24.007,-67.207,254.9,3.8 Ml, 84 km al SE de Socaire
2021-11-16 19:46:44,2021-11-16 22:46:44,-22.946,-69.082,93.8,2.7 Ml, 25 km al E de Sierra Gorda.
2021-11-10 07:51:06,2021-11-10 10:51:06,-24.057,-67.415,207.4,3.9 Ml, 71 km al SE de Socaire
2021-11-10 07:35:24,2021-11-10 10:35:24,-25.08,-70.997,33.7,2.7 Ml, 63 km al NO de Taltal
2021-11-10 04:53:40,2021-11-10 07:53:40,-23.34,-68.176,129.5,3.0 Ml, 40 km al NO de Socaire
2021-11-10 02:48:24,2021-11-10 05:48:24,-25.56900000000001,-69.483,113.0,4.3 Mw, 76 km al N de El Salvador
2021-11-10 00:18:41,2021-11-10 03:18:41,-24.233,-67.372,207.8,3.9 Ml, 89 km al SE de Socaire
2021-11-09 23:18:35,2021-11-10 02:18:35,-22.014,-68.77199999999999,107.1,2.7 Ml, 53 km al N de Calama
2021-11-09 23:08:25,2021-11-10 02:08:25,-21.881,-68.722,113.3,3.3 Ml, 69 km al N de Calama
2021-11-09 20:37:18,2021-11-09 23:37:18,-23.22300000000001,-70.848,42.1,2.8 Ml, 43 km al O de Mejillones
2021-11-09 20:11:05,2021-11-09 23:11:05,-24.232,-67.58800000000001,213.5,2.8 Ml, 78 km al SE de Socaire
2021-11-09 19:03:01,2021-11-09 22:03:01,-24.22,-67.692,217.4,3.6 Ml, 73 km al S de Socaire
2021-11-08 21:53:08,2021-11-09 00:53:08,-23.76,-68.065,127.4,2.9 Ml, 26 km al SO de Socaire
2021-11-08 11:12:51,2021-11-08 14:12:51,-23.924,-67.107,244.9,2.7 Ml, 88 km al SE de Socaire
2021-11-07 19:23:36,2021-11-07 22:23:36,-22.349,-69.266,86.7,2.7 Ml, 37 km al O de Calama
2021-11-07 18:26:23,2021-11-07 21:26:23,-24.097,-67.433,207.1,2.6 Ml, 73 km al SE de Socaire
2021-11-07 17:03:10,2021-11-07 20:03:10,-24.08,-67.392,225.0,3.2 Ml, 74 km al SE de Socaire
2021-11-07 10:32:48,2021-11-07 13:32:48,-23.881,-67.153,244.0,3.0 Ml, 82 km al E de Socaire
2021-11-07 08:18:57,2021-11-07 11:18:57,-23.183000000000003,-67.219,248.5,3.3 Ml, 82 km al NE de Socaire
2021-11-07 07:12:31,2021-11-07 10:12:31,-25.471,-69.71600000000001,83.8,4.2 Ml, 78 km al E de Taltal
2021-11-06 02:32:31,2021-11-06 05:32:31,-24.251,-67.149,191.0,3.5 Ml, 105 km al SE de Socaire
2021-11-06 02:21:53,2021-11-06 05:21:53,-22.011,-68.774,107.2,3.0 Ml, 54 km al N de Calama
2021-11-06 00:25:50,2021-11-06 03:25:50,-23.903,-67.07600000000001,207.9,3.1 Ml, 90 km al E de Socaire
2021-11-05 07:49:20,2021-11-05 10:49:20,-22.033,-68.889,109.4,2.5 Ml, 49 km al N de Calama
2021-11-05 05:19:27,2021-11-05 08:19:27,-23.949,-67.316,249.8,3.5 Ml, 71 km al SE de Socaire
2021-11-05 03:40:08,2021-11-05 06:40:08,-22.886,-69.122,101.1,3.1 Ml, 20 km al E de Sierra Gorda.
2021-11-04 23:33:31,2021-11-05 02:33:31,-24.073,-67.273,214.2,3.5 Ml, 83 km al SE de Socaire
2021-11-04 23:30:49,2021-11-05 02:30:49,-23.886,-66.775,207.8,3.9 Ml, 118 km al E de Socaire
2021-11-04 21:54:33,2021-11-05 00:54:33,-22.931,-67.07600000000001,205.0,3.2 Ml, 111 km al NE de Socaire
2021-11-04 18:11:52,2021-11-04 21:11:52,-21.705,-68.676,131.3,2.7 Ml, 69 km al SO de Ollagüe
2021-11-01 02:37:52,2021-11-01 05:37:52,-22.971,-68.848,98.1,2.5 Ml, 49 km al E de Sierra Gorda.
2021-10-31 23:57:45,2021-11-01 02:57:45,-24.231,-67.3,180.0,3.4 Ml, 93 km al SE de Socaire
2021-10-31 23:10:32,2021-11-01 02:10:32,-23.761,-66.80199999999999,202.3,2.9 Ml, 112 km al E de Socaire
2021-10-31 21:47:12,2021-11-01 00:47:12,-24.217,-67.309,180.3,3.4 Ml, 91 km al SE de Socaire
2021-10-31 20:49:40,2021-10-31 23:49:40,-23.45300000000001,-68.795,119.5,3.4 Ml, 81 km al SE de Sierra Gorda.
2021-10-29 21:00:50,2021-10-30 00:00:50,-23.952,-69.293,86.9,2.9 Ml, 43 km al NO de Mina La Escondida.
2021-10-29 18:40:05,2021-10-29 21:40:05,-24.118,-67.273,208.3,3.3 Ml, 86 km al SE de Socaire
2021-10-29 13:17:38,2021-10-29 16:17:38,-23.012,-68.756,104.5,2.5 Ml, 58 km al O de San Pedro de Atacama
2021-10-29 09:55:14,2021-10-29 12:55:14,-24.14,-68.692,115.1,2.9 Ml, 40 km al E de Mina La Escondida.
2021-10-26 08:52:34,2021-10-26 11:52:34,-22.824,-68.51100000000001,111.2,3.1 Ml, 34 km al O de San Pedro de Atacama
2021-10-26 07:38:32,2021-10-26 10:38:32,-24.053,-69.40899999999999,77.6,2.7 Ml, 43 km al NO de Mina La Escondida.
2021-10-26 06:16:52,2021-10-26 09:16:52,-25.355,-69.90899999999999,80.5,2.6 Ml, 58 km al E de Taltal
2021-10-26 00:39:59,2021-10-26 03:39:59,-22.972,-69.146,112.2,2.6 Ml, 19 km al SE de Sierra Gorda.
2021-10-25 22:31:07,2021-10-26 01:31:07,-23.933000000000003,-67.491,209.8,2.6 Ml, 56 km al SE de Socaire
2021-10-25 20:04:18,2021-10-25 23:04:18,-22.317,-67.759,189.7,3.3 Ml, 81 km al NE de San Pedro de Atacama
2021-10-25 19:30:49,2021-10-25 22:30:49,-22.282,-67.77600000000001,193.1,3.3 Ml, 83 km al NE de San Pedro de Atacama
2021-10-25 18:07:03,2021-10-25 21:07:03,-23.84,-67.113,250.1,3.3 Ml, 84 km al E de Socaire
2021-10-23 16:43:40,2021-10-23 19:43:40,-22.048,-68.676,109.7,3.6 Ml, 54 km al NE de Calama
2021-10-23 11:02:23,2021-10-23 14:02:23,-23.79,-67.045,252.0,3.2 Ml, 89 km al E de Socaire
2021-10-23 07:47:56,2021-10-23 10:47:56,-23.432,-67.46,254.6,2.8 Ml, 47 km al E de Socaire
2021-10-23 05:21:46,2021-10-23 08:21:46,-24.126,-67.49600000000001,188.6,4.8 Mw, 72 km al SE de Socaire
2021-10-22 23:08:56,2021-10-23 02:08:56,-23.587,-67.42399999999999,201.3,3.3 Ml, 47 km al E de Socaire
2021-10-22 17:09:03,2021-10-22 20:09:03,-23.012,-68.877,98.4,2.5 Ml, 47 km al E de Sierra Gorda.
2021-10-22 16:39:53,2021-10-22 19:39:53,-22.339,-67.903,192.5,3.4 Ml, 71 km al NE de San Pedro de Atacama
2021-10-22 10:59:35,2021-10-22 13:59:35,-22.013,-70.431,25.6,2.6 Ml, 25 km al O de Tocopilla
2021-10-22 10:45:13,2021-10-22 13:45:13,-23.962,-67.127,214.6,2.8 Ml, 88 km al SE de Socaire
2021-10-22 08:14:51,2021-10-22 11:14:51,-22.156,-69.14699999999999,98.5,4.2 Ml, 41 km al NO de Calama
2021-10-21 22:24:42,2021-10-22 01:24:42,-21.868,-68.887,115.2,3.2 Ml, 67 km al N de Calama
2021-10-21 17:43:26,2021-10-21 20:43:26,-22.845,-67.301,258.7,3.6 Ml, 92 km al E de San Pedro de Atacama
2021-10-21 07:57:27,2021-10-21 10:57:27,-24.127,-67.484,221.3,3.9 Ml, 73 km al SE de Socaire
2021-10-21 07:01:50,2021-10-21 10:01:50,-23.13300000000001,-68.73899999999999,102.1,3.5 Ml, 60 km al O de San Pedro de Atacama
2021-10-21 04:31:17,2021-10-21 07:31:17,-22.227,-68.607,121.6,3.1 Ml, 43 km al NE de Calama
2021-10-20 17:20:20,2021-10-20 20:20:20,-21.989,-69.797,81.4,3.1 Ml, 42 km al N de María Elena
2021-10-20 14:59:50,2021-10-20 17:59:50,-22.112,-68.721,116.5,3.1 Ml, 45 km al NE de Calama
2021-10-20 11:12:48,2021-10-20 14:12:48,-24.111,-67.564,198.3,3.2 Ml, 67 km al SE de Socaire
2021-10-20 08:37:21,2021-10-20 11:37:21,-22.419,-67.818,191.8,2.9 Ml, 68 km al NE de San Pedro de Atacama
2021-10-20 07:18:13,2021-10-20 10:18:13,-22.237,-68.63,108.5,2.8 Ml, 40 km al NE de Calama
2021-10-20 04:15:00,2021-10-20 07:15:00,-22.171,-68.686,119.5,2.5 Ml, 42 km al NE de Calama
2021-10-20 01:09:02,2021-10-20 04:09:02,-25.53,-70.96300000000002,48.0,3.2 Ml, 50 km al O de Taltal
2021-10-15 00:53:27,2021-10-15 03:53:27,-24.304,-69.277,200.0,4.4 Ml, 23 km al O de Mina La Escondida.
2021-10-14 19:11:26,2021-10-14 22:11:26,-24.048,-67.85600000000001,232.9,2.7 Ml, 51 km al S de Socaire
2021-10-14 18:51:56,2021-10-14 21:51:56,-23.95300000000001,-67.328,227.6,3.9 Ml, 70 km al SE de Socaire
2021-10-14 15:23:03,2021-10-14 18:23:03,-24.12,-67.53399999999999,217.9,4.2 Mw, 69 km al SE de Socaire
2021-10-14 13:23:55,2021-10-14 16:23:55,-24.029,-67.46,225.1,3.5 Ml, 66 km al SE de Socaire
2021-10-14 11:46:22,2021-10-14 14:46:22,-23.998,-67.209,235.8,3.5 Ml, 83 km al SE de Socaire
2021-10-13 23:31:08,2021-10-14 02:31:08,-21.752,-70.003,79.7,3.0 Ml, 43 km al NE de Tocopilla
2021-10-13 23:01:59,2021-10-14 02:01:59,-22.385,-69.235,87.0,3.2 Ml, 33 km al O de Calama
2021-10-12 01:35:44,2021-10-12 04:35:44,-23.249,-69.257,94.4,3.9 Ml, 39 km al S de Sierra Gorda.
2021-10-11 16:20:58,2021-10-11 19:20:58,-22.073,-68.581,118.5,3.0 Ml, 57 km al NE de Calama
2021-10-10 23:14:51,2021-10-11 02:14:51,-22.39,-67.518,197.9,4.0 Ml, 91 km al NE de San Pedro de Atacama
2021-10-10 21:08:16,2021-10-11 00:08:16,-21.824,-68.681,112.8,3.6 Ml, 76 km al N de Calama
2021-10-10 20:46:34,2021-10-10 23:46:34,-21.817,-68.848,123.3,3.5 Ml, 73 km al N de Calama
2021-10-10 20:21:46,2021-10-10 23:21:46,-23.085,-67.054,247.9,4.6 Mw, 102 km al NE de Socaire
2021-10-10 15:43:23,2021-10-10 18:43:23,-21.785,-68.456,123.7,4.1 Ml, 66 km al S de Ollagüe
2021-10-10 11:42:47,2021-10-10 14:42:47,-25.103,-71.3,36.0,3.0 Ml, 89 km al O de Taltal
2021-10-10 11:03:14,2021-10-10 14:03:14,-23.84,-67.171,250.0,3.8 Ml, 78 km al E de Socaire
2021-10-10 08:50:22,2021-10-10 11:50:22,-23.495,-69.385,84.3,2.6 Ml, 50 km al E de Baquedano
2021-10-10 07:58:58,2021-10-10 10:58:58,-25.467,-69.098,134.0,3.9 Ml, 101 km al NE de El Salvador
2021-10-10 01:30:31,2021-10-10 04:30:31,-24.662,-69.502,84.4,3.2 Ml, 63 km al SO de Mina La Escondida.
2021-10-09 18:12:03,2021-10-09 21:12:03,-23.951,-67.247,227.1,2.9 Ml, 77 km al SE de Socaire
2021-10-09 12:00:48,2021-10-09 15:00:48,-25.688,-68.949,105.1,3.0 Ml, 91 km al NE de El Salvador
2021-10-09 11:51:36,2021-10-09 14:51:36,-25.564,-70.707,30.7,2.8 Ml, 28 km al SO de Taltal
2021-10-09 11:13:08,2021-10-09 14:13:08,-21.981,-68.671,118.5,2.6 Ml, 61 km al NE de Calama
2021-10-09 09:23:47,2021-10-09 12:23:47,-23.128,-68.309,146.2,2.6 Ml, 26 km al SO de San Pedro de Atacama
2021-10-09 04:15:13,2021-10-09 07:15:13,-21.76,-68.839,111.2,4.1 Ml, 73 km al E de Quillagua
2021-10-08 21:27:52,2021-10-09 00:27:52,-23.875,-67.013,207.7,2.7 Ml, 95 km al E de Socaire
2021-10-08 21:01:32,2021-10-09 00:01:32,-25.01,-68.825,120.9,2.7 Ml, 86 km al S de Mina La Escondida.
2021-10-08 17:40:36,2021-10-08 20:40:36,-24.016,-66.915,206.3,3.4 Ml, 110 km al SE de Socaire
2021-10-08 15:08:15,2021-10-08 18:08:15,-22.014,-68.609,125.0,2.6 Ml, 61 km al NE de Calama
2021-10-08 13:26:54,2021-10-08 16:26:54,-24.16,-67.05199999999999,194.8,4.0 Ml, 106 km al SE de Socaire
2021-10-08 03:43:09,2021-10-08 06:43:09,-23.824,-67.135,244.3,4.3 Mw, 81 km al E de Socaire
2021-10-08 01:16:38,2021-10-08 04:16:38,-24.547,-68.982,108.4,3.0 Ml, 32 km al S de Mina La Escondida.
2021-10-08 00:54:54,2021-10-08 03:54:54,-22.05,-70.30199999999999,19.5,3.1 Ml, 11 km al NO de Tocopilla
2021-10-07 23:30:56,2021-10-08 02:30:56,-22.042,-70.313,34.8,3.0 Ml, 13 km al NO de Tocopilla
2021-10-07 23:09:17,2021-10-08 02:09:17,-22.001,-69.79899999999999,77.1,2.8 Ml, 41 km al N de María Elena
2021-10-07 22:36:46,2021-10-08 01:36:46,-22.09,-68.67399999999999,108.7,2.6 Ml, 50 km al NE de Calama
2021-10-07 20:03:06,2021-10-07 23:03:06,-24.00800000000001,-67.264,238.3,3.5 Ml, 79 km al SE de Socaire
2021-10-07 17:06:09,2021-10-07 20:06:09,-24.284,-67.253,164.4,3.7 Ml, 101 km al SE de Socaire
2021-10-07 05:55:31,2021-10-07 08:55:31,-23.151,-70.748,15.0,2.6 Ml, 31 km al O de Mejillones
2021-10-07 03:10:27,2021-10-07 06:10:27,-21.913,-68.67399999999999,103.6,3.0 Ml, 67 km al NE de Calama
2021-10-06 18:26:06,2021-10-06 21:26:06,-21.7,-68.431,139.4,3.2 Ml, 56 km al S de Ollagüe
2021-10-06 17:10:57,2021-10-06 20:10:57,-24.145,-67.173,213.6,3.9 Ml, 96 km al SE de Socaire
2021-10-06 14:50:33,2021-10-06 17:50:33,-26.374,-71.878,6.0,2.5 Ml, 125 km al O de Chañaral.
2021-10-06 14:48:12,2021-10-06 17:48:12,-23.878,-67.205,244.9,3.2 Ml, 77 km al SE de Socaire
2021-10-06 07:12:03,2021-10-06 10:12:03,-23.039,-70.183,47.3,3.1 Ml, 28 km al E de Mejillones
2021-10-06 06:22:20,2021-10-06 09:22:20,-22.144,-68.57300000000001,126.4,3.0 Ml, 52 km al NE de Calama
2021-10-06 00:19:45,2021-10-06 03:19:45,-24.149,-67.48100000000001,223.5,3.6 Ml, 75 km al SE de Socaire
2021-10-05 21:44:31,2021-10-06 00:44:31,-24.465,-69.54899999999999,88.8,3.4 Ml, 54 km al O de Mina La Escondida.
2021-10-05 18:46:12,2021-10-05 21:46:12,-23.708,-69.418,87.4,3.5 Ml, 60 km al SE de Baquedano
2021-10-05 11:24:47,2021-10-05 14:24:47,-23.631,-68.66,113.4,3.4 Ml, 82 km al NE de Mina La Escondida.
2021-09-29 14:50:54,2021-09-29 17:50:54,-24.129,-67.313,211.3,3.4 Ml, 84 km al SE de Socaire
2021-09-29 10:35:57,2021-09-29 13:35:57,-23.884,-67.186,240.2,3.5 Ml, 79 km al SE de Socaire
2021-09-29 10:21:37,2021-09-29 13:21:37,-24.062,-67.49600000000001,213.6,3.5 Ml, 66 km al SE de Socaire
2021-09-29 07:45:06,2021-09-29 10:45:06,-22.996,-66.835,269.3,2.9 Ml, 126 km al NE de Socaire
2021-09-29 03:45:59,2021-09-29 06:45:59,-21.99,-69.889,81.4,3.3 Ml, 34 km al E de Tocopilla
2021-09-28 05:15:59,2021-09-28 08:15:59,-22.341,-68.712,126.4,3.8 Ml, 27 km al NE de Calama
2021-09-27 23:27:46,2021-09-28 02:27:46,-23.583,-67.979,147.6,4.3 Ml, 9 km al O de Socaire
2021-09-27 20:18:33,2021-09-27 23:18:33,-22.75800000000001,-69.065,80.2,3.4 Ml, 30 km al NE de Sierra Gorda.
2021-09-27 17:13:51,2021-09-27 20:13:51,-22.48,-68.661,121.3,2.8 Ml, 28 km al E de Calama
2021-09-27 15:54:05,2021-09-27 18:54:05,-21.716,-68.545,107.9,3.1 Ml, 62 km al SO de Ollagüe
2021-09-27 14:56:33,2021-09-27 17:56:33,-24.141,-67.53,227.1,5.0 Ml, 71 km al SE de Socaire
2021-09-27 14:06:49,2021-09-27 17:06:49,-22.477,-69.708,64.4,2.6 Ml, 15 km al S de María Elena
2021-09-26 16:52:51,2021-09-26 19:52:51,-21.954,-68.507,121.0,3.0 Ml, 72 km al NE de Calama
2021-09-25 21:27:52,2021-09-26 00:27:52,-21.887,-68.857,137.4,3.5 Ml, 65 km al N de Calama
2021-09-25 16:55:08,2021-09-25 19:55:08,-23.76,-67.199,216.9,4.9 Ml, 73 km al E de Socaire
2021-09-25 11:33:42,2021-09-25 14:33:42,-24.096,-67.368,204.2,3.2 Ml, 77 km al SE de Socaire
2021-09-24 18:50:18,2021-09-24 21:50:18,-22.846,-68.563,97.7,2.7 Ml, 38 km al O de San Pedro de Atacama
2021-09-24 18:10:53,2021-09-24 21:10:53,-21.969,-68.704,115.1,3.3 Ml, 60 km al NE de Calama
2021-09-24 16:51:56,2021-09-24 19:51:56,-26.692,-70.735,55.0,3.9 Ml, 40 km al S de Chañaral.
2021-09-24 06:59:17,2021-09-24 09:59:17,-24.2,-67.575,231.8,3.7 Ml, 75 km al SE de Socaire
2021-09-24 06:41:42,2021-09-24 09:41:42,-23.81900000000001,-67.098,235.4,3.2 Ml, 85 km al E de Socaire
2021-09-24 03:12:15,2021-09-24 06:12:15,-22.836,-68.827,102.3,2.9 Ml, 42 km al S de Calama
2021-09-23 23:19:29,2021-09-24 02:19:29,-24.605,-69.37100000000001,92.6,2.8 Ml, 49 km al SO de Mina La Escondida.
2021-09-23 20:10:24,2021-09-23 23:10:24,-24.25,-67.301,206.1,3.1 Ml, 95 km al SE de Socaire
2021-09-23 18:34:21,2021-09-23 21:34:21,-21.89,-68.538,112.7,3.1 Ml, 76 km al NE de Calama
2021-09-23 10:26:39,2021-09-23 13:26:39,-24.415,-69.264,84.2,3.1 Ml, 27 km al SO de Mina La Escondida.
2021-09-23 07:11:17,2021-09-23 10:11:17,-22.516,-70.274,59.3,2.7 Ml, 48 km al S de Tocopilla
2021-09-22 23:47:14,2021-09-23 02:47:14,-21.685,-68.512,138.0,3.0 Ml, 58 km al SO de Ollagüe
2021-09-22 23:34:29,2021-09-23 02:34:29,-21.887,-70.306,59.9,2.8 Ml, 25 km al NO de Tocopilla
2021-09-22 18:58:06,2021-09-22 21:58:06,-23.562,-67.53,209.2,4.3 Ml, 37 km al E de Socaire
2021-09-22 07:34:15,2021-09-22 10:34:15,-24.117,-67.465,232.0,3.5 Ml, 73 km al SE de Socaire
2021-09-15 01:53:01,2021-09-15 04:53:01,-22.866,-69.005,91.3,3.1 Ml, 32 km al E de Sierra Gorda.
2021-09-15 01:24:36,2021-09-15 04:24:36,-24.077,-67.471,229.0,4.3 Ml, 69 km al SE de Socaire
2021-09-14 23:27:04,2021-09-15 02:27:04,-23.556,-66.77,185.0,2.7 Ml, 114 km al E de Socaire
2021-09-14 20:40:20,2021-09-14 23:40:20,-22.947,-69.042,101.4,2.8 Ml, 29 km al E de Sierra Gorda.
2021-09-14 19:27:54,2021-09-14 22:27:54,-22.017,-70.346,32.0,2.6 Ml, 17 km al NO de Tocopilla
2021-09-14 18:18:40,2021-09-14 21:18:40,-22.908,-69.032,96.9,2.9 Ml, 29 km al E de Sierra Gorda.
2021-09-14 18:05:52,2021-09-14 21:05:52,-24.134,-67.59,215.6,3.0 Ml, 68 km al SE de Socaire
2021-09-14 13:57:18,2021-09-14 16:57:18,-23.815,-67.358,262.3,3.0 Ml, 60 km al SE de Socaire
2021-09-14 13:43:19,2021-09-14 16:43:19,-23.162,-67.2,228.5,3.0 Ml, 85 km al NE de Socaire
2021-09-14 12:46:15,2021-09-14 15:46:15,-22.217,-68.825,121.1,3.2 Ml, 30 km al NE de Calama
2021-09-14 12:40:18,2021-09-14 15:40:18,-22.951,-67.054,268.8,3.1 Ml, 111 km al NE de Socaire
2021-09-14 09:42:22,2021-09-14 12:42:22,-23.59,-69.449,66.8,2.6 Ml, 49 km al SE de Baquedano
2021-09-14 06:23:21,2021-09-14 09:23:21,-21.825,-68.83,121.4,2.9 Ml, 72 km al N de Calama
2021-09-14 03:12:20,2021-09-14 06:12:20,-24.174,-67.494,216.9,2.9 Ml, 76 km al SE de Socaire
2021-09-14 02:24:23,2021-09-14 05:24:23,-24.063,-67.249,237.9,2.9 Ml, 84 km al SE de Socaire
2021-09-14 01:49:49,2021-09-14 04:49:49,-23.38300000000001,-67.943,155.6,2.5 Ml, 24 km al N de Socaire
2021-09-14 01:26:00,2021-09-14 04:26:00,-23.355,-66.715,227.1,2.9 Ml, 123 km al E de Socaire
2021-09-13 23:51:34,2021-09-14 02:51:34,-22.874,-71.528,7.3,2.5 Ml, 113 km al O de Mejillones
2021-09-13 18:51:26,2021-09-13 21:51:26,-22.981,-67.533,231.7,2.7 Ml, 69 km al E de San Pedro de Atacama
2021-09-13 18:40:45,2021-09-13 21:40:45,-24.18,-67.604,225.4,3.5 Ml, 72 km al SE de Socaire
2021-09-13 16:02:44,2021-09-13 19:02:44,-24.305,-67.904,214.8,2.6 Ml, 80 km al S de Socaire
2021-09-13 07:09:42,2021-09-13 10:09:42,-24.19400000000001,-67.263,224.9,4.5 Mw, 93 km al SE de Socaire
2021-09-13 05:53:46,2021-09-13 08:53:46,-21.684,-68.429,123.7,3.3 Ml, 54 km al S de Ollagüe
2021-09-13 5:53,13-09-2021 8:53,-21.684,-68.429,123.7,3.3 Ml, 54 km al S de Ollagüe
2021-09-13 2:41,13-09-2021 5:41,-22.101,-67.738,212.7,2.6 Ml, 103 km al NE de San Pedro de Atacama
2021-09-13 2:18,13-09-2021 5:18,-23.834,-67.461,256.8,6.1 Mww, 51 km al SE de Socaire
2021-09-12 23:46,13-09-2021 2:46,-21.931,-68.708,114.1,2.8 Ml, 64 km al N de Calama
2021-09-12 10:54,09-12-2021 13:54,-23.857,-67.30199999999999,217.3,3.7 Ml, 67 km al SE de Socaire
2021-09-11 23:57,09-12-2021 2:57,-22.64,-68.837,102.4,2.7 Ml, 21 km al SE de Calama
2021-09-11 13:33,09-11-2021 16:33,-22.736,-67.19800000000001,239.1,3.9 Ml, 105 km al E de San Pedro de Atacama
2021-09-11 11:54,09-11-2021 14:54,-23.655,-69.18,80.2,2.8 Ml, 69 km al N de Mina La Escondida.
2021-09-11 10:37,09-11-2021 13:37,-23.007,-68.889,106.8,2.5 Ml, 45 km al E de Sierra Gorda.
2021-09-11 10:12,09-11-2021 13:12,-22.629,-67.85300000000001,187.1,3.6 Ml, 48 km al NE de San Pedro de Atacama
2021-09-11 3:13,09-11-2021 6:13,-22.957,-69.39699999999999,83.0,3.4 Ml, 10 km al SO de Sierra Gorda.
2021-09-11 1:38,09-11-2021 4:38,-23.948,-67.438,220.5,3.6 Ml, 61 km al SE de Socaire
2021-09-11 19:21,09-10-2021 22:21,-24.325,-67.491,193.4,3.4 Ml, 91 km al SE de Socaire
2021-09-11 18:07,09-10-2021 21:07,-23.952,-67.316,215.6,4.7 Ml, 71 km al SE de Socaire
2021-09-10 9:32,09-10-2021 12:32,-22.25,-68.657,123.9,3.2 Ml, 37 km al NE de Calama
